<?xml version="1.0" encoding="UTF-8" standalone="yes"?>
<addon id="repository.cm" name="Crucial Minds Repo" version="1.0.2" provider-name="Mr Unknown">
	<extension point="xbmc.addon.repository" name="CruCial Minds REPO">
		<dir>
			<info compressed="false">https://raw.githubusercontent.com/MR-Unknown-Cm/addons/master/zips/addons.xml</info>
			<checksum>https://raw.githubusercontent.com/MR-Unknown-Cm/addons/master/zips/addons.xml.md5</checksum>
			<datadir zip="true">https://raw.githubusercontent.com/MR-Unknown-Cm/addons/master/zips/</datadir>
		</dir>
		<dir>
			<info compressed="false">https://raw.githubusercontent.com/a4k-openproject/repository.openscrapers/master/zips/addons.xml</info>
			<checksum>https://raw.githubusercontent.com/a4k-openproject/repository.openscrapers/master/zips/addons.xml.md5</checksum>
			<datadir zip="true">https://raw.githubusercontent.com/a4k-openproject/repository.openscrapers/master/zips/</datadir>
		</dir>
		<dir>
            <info compressed="false">https://raw.githubusercontent.com/teamuniversal/scrapers/master/_modules4all/zips/addons.xml</info>
            <checksum>https://raw.githubusercontent.com/teamuniversal/scrapers/master/_modules4all/zips/addons.xml.md5</checksum>
            <datadir zip="true">https://raw.githubusercontent.com/teamuniversal/scrapers/master/_modules4all/zips/</datadir>
        </dir>
	</extension>
	<extension point="xbmc.addon.metadata">
		<summary lang="en">Yes Im Back As My First Persona All Fakes Need To Get Ghost</summary>
		<description lang="en">CruCial Minds Repo</description>
		<genre></genre>
    <assets>
        <icon>icon.png</icon>
        <fanart>fanart.jpg</fanart>
        <banner></banner>
        <clearlogo></clearlogo>
        <screenshot></screenshot>
    </assets>
	</extension>
</addon>
