<?xml version="1.0" encoding="UTF-8" standalone="yes"?>
<window>
    <coordinates>
        <system>1</system>
        <posx>0</posx>
        <posy>0</posy>
    </coordinates>
    <defaultcontrol>406</defaultcontrol>
    <controls>
        <control type="group">
            <control type="image">
                <posx>0</posx>
                <posy>0</posy>
                <width>1920</width>
                <height>1080</height>
                <texture>script.plexo/home/background-fallback.png</texture>
            </control>
            <control type="group">
                <visible>false</visible>
                <control type="image">
                    <posx>0</posx>
                    <posy>0</posy>
                    <width>1920</width>
                    <height>1080</height>
                    <fadetime>1000</fadetime>
                    <texture background="true">$INFO[Player.Art(fanart)]</texture>
                </control>
                <control type="image">
                    <visible>!String.IsEmpty(Player.Art(fanart))</visible>
                    <posx>0</posx>
                    <posy>0</posy>
                    <width>1920</width>
                    <height>1080</height>
                    <texture>script.plexo/white-square.png</texture>
                    <colordiffuse>D0404040</colordiffuse>
                </control>
            </control>
            <control type="image">
                <posx>0</posx>
                <posy>0</posy>
                <width>1920</width>
                <height>1080</height>
                <fadetime>1000</fadetime>
                <texture background="true">$INFO[Player.Art(landscape)]</texture>
            </control>
        </control>

        <control type="image">
            <posx>75</posx>
            <posy>75</posy>
            <width>786</width>
            <height>786</height>
            <texture>script.plexo/white-square.png</texture>
            <colordiffuse>20FFFFFF</colordiffuse>
        </control>
        <control type="image">
            <posx>90</posx>
            <posy>90</posy>
            <width>756</width>
            <height>756</height>
            <texture>$INFO[Player.Art(thumb)]</texture>
        </control>

        <control type="group">
            <posx>939</posx>
            <posy>0</posy>
            <control type="label">
                <posx>0</posx>
                <posy>305</posy>
                <width>1000</width>
                <height>54</height>
                <font>font16</font>
                <align>left</align>
                <aligny>center</aligny>
                <textcolor>FFFFFFFF</textcolor>
                <label>$INFO[MusicPlayer.Artist]</label>
            </control>
            <control type="label">
                <posx>0</posx>
                <posy>359</posy>
                <width>1000</width>
                <height>54</height>
                <font>font16</font>
                <align>left</align>
                <aligny>center</aligny>
                <textcolor>FFFFFFFF</textcolor>
                <label>$INFO[MusicPlayer.Album]</label>
            </control>
            <control type="label">
                <posx>0</posx>
                <posy>470</posy>
                <width>1000</width>
                <height>54</height>
                <font>font16</font>
                <align>left</align>
                <aligny>center</aligny>
                <textcolor>FFFFFFFF</textcolor>
                <label>[B]$INFO[MusicPlayer.Title][/B]</label>
            </control>
            <control type="label">
                <posx>0</posx>
                <posy>580</posy>
                <width>1000</width>
                <height>54</height>
                <font>font16</font>
                <align>left</align>
                <aligny>center</aligny>
                <textcolor>FFFFFFFF</textcolor>
                <label>$INFO[Player.Time]$INFO[MusicPlayer.Duration, / ]</label>
            </control>
        </control>

        <control type="group">
            <posx>1845</posx>
            <posy>0</posy>
            <control type="label">
                <posx>0</posx>
                <posy>738</posy>
                <width>1000</width>
                <height>54</height>
                <font>font16</font>
                <align>right</align>
                <aligny>center</aligny>
                <textcolor>80FFFFFF</textcolor>
                <label>$INFO[MusicPlayer.offset(1).Artist]</label>
            </control>
            <control type="label">
                <posx>0</posx>
                <posy>794</posy>
                <width>1000</width>
                <height>54</height>
                <font>font16</font>
                <align>right</align>
                <aligny>center</aligny>
                <textcolor>80FFFFFF</textcolor>
                <label>$INFO[MusicPlayer.offset(1).Title]</label>
            </control>
        </control>

        <!-- <control type="image">
            <posx>0</posx>
            <posy>0</posy>
            <width>1920</width>
            <height>140</height>
            <texture>script.plexo/white-square.png</texture>
            <colordiffuse>A0000000</colordiffuse>
        </control>

        <control type="group">
            <posx>0</posx>
            <posy>940</posy>
            <control type="image">
                <posx>0</posx>
                <posy>0</posy>
                <width>1920</width>
                <height>140</height>
                <texture>script.plexo/white-square.png</texture>
                <colordiffuse>A0000000</colordiffuse>
            </control>
        </control>

        <control type="group">
            <posx>0</posx>
            <posy>965</posy>
            <control type="label">
                <posx>60</posx>
                <posy>0</posy>
                <width>1000</width>
                <height>60</height>
                <font>font13</font>
                <align>left</align>
                <aligny>center</aligny>
                <textcolor>FFFFFFFF</textcolor>
                <label>$INFO[Window.Property(time.current)]</label>
            </control>
            <control type="label">
                <posx>1860</posx>
                <posy>0</posy>
                <width>800</width>
                <height>60</height>
                <font>font13</font>
                <align>right</align>
                <aligny>center</aligny>
                <textcolor>FFFFFFFF</textcolor>
                <label>$INFO[Window.Property(time.duration)]</label>
            </control>
            <control type="label">
                <posx>1860</posx>
                <posy>40</posy>
                <width>800</width>
                <height>60</height>
                <font>font13</font>
                <align>right</align>
                <aligny>center</aligny>
                <textcolor>A0FFFFFF</textcolor>
                <label>$INFO[Window.Property(time.end)]</label>
            </control>
        </control> -->

        <control type="grouplist" id="400">
            <defaultcontrol>406</defaultcontrol>
            <hitrect x="460" y="998" w="1000" h="55" />
            <posx>360</posx>
            <posy>964</posy>
            <width>1200</width>

            <height>124</height>
            <align>center</align>
            <onup>100</onup>
            <itemgap>-40</itemgap>
            <orientation>horizontal</orientation>
            <scrolltime tween="quadratic" easing="out">200</scrolltime>
            <usecontrolcoords>true</usecontrolcoords>
            <control type="group" id="421">
                <animation effect="zoom" start="100" end="124" time="100" center="63,50" reversible="false" condition="Control.HasFocus(401)">Conditional</animation>
                <animation effect="zoom" start="124" end="100" time="100" center="63,50" reversible="false" condition="!Control.HasFocus(401)">Conditional</animation>
                <width>125</width>
                <height>101</height>
                <control type="button" id="401">
                    <hitrect x="28" y="28" w="69" h="45" />
                    <posx>0</posx>
                    <posy>0</posy>
                    <width>125</width>
                    <height>101</height>
                    <onup>100</onup>
                    <onright>402</onright>
                    <onleft>411</onleft>
                    <font>font12</font>
                    <texturefocus>-</texturefocus>
                    <texturenofocus>-</texturenofocus>
                    <label> </label>
                </control>
                <control type="group">
                    <visible>!Control.HasFocus(401)</visible>
                    <control type="image">
                        <visible>!Playlist.IsRepeatOne + !Playlist.IsRepeat + String.IsEmpty(Window.Property(pq.repeat))</visible>
                        <posx>0</posx>
                        <posy>0</posy>
                        <width>125</width>
                        <height>101</height>
                        <texture colordiffuse="99FFFFFF">script.plexo/buttons/repeat.png</texture>
                    </control>
                    <control type="image">
                        <visible>Playlist.IsRepeat | !String.IsEmpty(Window.Property(pq.repeat))</visible>
                        <posx>0</posx>
                        <posy>0</posy>
                        <width>125</width>
                        <height>101</height>
                        <texture colordiffuse="FFCC7B19">script.plexo/buttons/repeat.png</texture>
                    </control>
                    <control type="image">
                        <visible>Playlist.IsRepeatOne</visible>
                        <posx>0</posx>
                        <posy>0</posy>
                        <width>125</width>
                        <height>101</height>
                        <texture colordiffuse="FFCC7B19">script.plexo/buttons/repeat-one.png</texture>
                    </control>
                </control>
                <control type="group">
                    <visible>Control.HasFocus(401)</visible>
                    <control type="image">
                        <visible>!Playlist.IsRepeatOne + !Playlist.IsRepeat + String.IsEmpty(Window.Property(pq.repeat))</visible>
                        <posx>0</posx>
                        <posy>0</posy>
                        <width>125</width>
                        <height>101</height>
                        <texture colordiffuse="FFE5A00D">script.plexo/buttons/repeat-focus.png</texture>
                    </control>
                    <control type="image">
                        <visible>Playlist.IsRepeat | !String.IsEmpty(Window.Property(pq.repeat))</visible>
                        <posx>0</posx>
                        <posy>0</posy>
                        <width>125</width>
                        <height>101</height>
                        <texture colordiffuse="FFCC7B19">script.plexo/buttons/repeat-focus.png</texture>
                    </control>
                    <control type="image">
                        <visible>Playlist.IsRepeatOne</visible>
                        <posx>0</posx>
                        <posy>0</posy>
                        <width>125</width>
                        <height>101</height>
                        <texture colordiffuse="FFCC7B19">script.plexo/buttons/repeat-one-focus.png</texture>
                    </control>
                </control>
            </control>

            <control type="togglebutton" id="402">
                <visible>String.IsEmpty(Window.Property(pq.isremote))</visible>
                <animation effect="zoom" start="100" end="124" time="100" center="63,50" reversible="false">Focus</animation>
                <animation effect="zoom" start="124" end="100" time="100" center="63,50" reversible="false">UnFocus</animation>
                <hitrect x="28" y="28" w="69" h="45" />
                <posx>0</posx>
                <posy>0</posy>
                <width>125</width>
                <height>101</height>
                <font>font12</font>
                <texturefocus colordiffuse="FFE5A00D">script.plexo/buttons/shuffle-focus.png</texturefocus>
                <texturenofocus colordiffuse="99FFFFFF">script.plexo/buttons/shuffle.png</texturenofocus>
                <usealttexture>Playlist.IsRandom</usealttexture>
                <alttexturefocus colordiffuse="FFCC7B19">script.plexo/buttons/shuffle-focus.png</alttexturefocus>
                <alttexturenofocus colordiffuse="FFCC7B19">script.plexo/buttons/shuffle.png</alttexturenofocus>
                <onclick>PlayerControl(RandomOn)</onclick>
                <altclick>PlayerControl(RandomOff)</altclick>
                <label> </label>
            </control>

            <control type="group" id="432">
                <visible>!String.IsEmpty(Window.Property(pq.isremote))</visible>
                <animation effect="zoom" start="100" end="124" time="100" center="63,50" reversible="false" condition="Control.HasFocus(422)">Conditional</animation>
                <animation effect="zoom" start="124" end="100" time="100" center="63,50" reversible="false" condition="!Control.HasFocus(422)">Conditional</animation>
                <width>125</width>
                <height>101</height>
                <control type="button" id="422">
                    <hitrect x="28" y="28" w="69" h="45" />
                    <posx>0</posx>
                    <posy>0</posy>
                    <width>125</width>
                    <height>101</height>
                    <onup>100</onup>
                    <onright>404</onright>
                    <onleft>401</onleft>
                    <font>font12</font>
                    <texturefocus>-</texturefocus>
                    <texturenofocus>-</texturenofocus>
                    <label> </label>
                </control>
                <control type="group">
                    <visible>String.IsEmpty(Window.Property(pq.shuffled))</visible>
                    <control type="image">
                        <visible>!Control.HasFocus(422)</visible>
                        <posx>0</posx>
                        <posy>0</posy>
                        <width>125</width>
                        <height>101</height>
                        <texture colordiffuse="99FFFFFF">script.plexo/buttons/shuffle.png</texture>
                    </control>
                    <control type="image">
                        <visible>Control.HasFocus(422)</visible>
                        <posx>0</posx>
                        <posy>0</posy>
                        <width>125</width>
                        <height>101</height>
                        <texture colordiffuse="FFE5A00D">script.plexo/buttons/shuffle-focus.png</texture>
                    </control>
                </control>
                <control type="group">
                    <visible>!String.IsEmpty(Window.Property(pq.shuffled))</visible>
                    <control type="image">
                        <visible>!Control.HasFocus(422)</visible>
                        <posx>0</posx>
                        <posy>0</posy>
                        <width>125</width>
                        <height>101</height>
                        <texture colordiffuse="FFCC7B19">script.plexo/buttons/shuffle.png</texture>
                    </control>
                    <control type="image">
                        <visible>Control.HasFocus(422)</visible>
                        <posx>0</posx>
                        <posy>0</posy>
                        <width>125</width>
                        <height>101</height>
                        <texture colordiffuse="FFCC7B19">script.plexo/buttons/shuffle-focus.png</texture>
                    </control>
                </control>
            </control>

            <control type="button" id="404">
                <enable>MusicPlayer.HasPrevious | !String.IsEmpty(Window.Property(pq.hasprevious))</enable>
                <animation effect="zoom" start="100" end="124" time="100" center="93,50" reversible="false">Focus</animation>
                <animation effect="zoom" start="124" end="100" time="100" center="93,50" reversible="false">UnFocus</animation>
                <hitrect x="28" y="28" w="69" h="45" />
                <posx>30</posx>
                <posy>0</posy>
                <width>125</width>
                <height>101</height>
                <font>font12</font>
                <texturefocus flipx="true" colordiffuse="FFE5A00D">script.plexo/buttons/next-focus.png</texturefocus>
                <texturenofocus flipx="true" colordiffuse="99FFFFFF">script.plexo/buttons/next.png</texturenofocus>
                <label> </label>
            </control>
            <control type="togglebutton" id="406">
                <animation effect="zoom" start="100" end="124" time="100" center="63,50" reversible="false">Focus</animation>
                <animation effect="zoom" start="124" end="100" time="100" center="63,50" reversible="false">UnFocus</animation>
                <hitrect x="28" y="28" w="69" h="45" />
                <posx>0</posx>
                <posy>0</posy>
                <width>125</width>
                <height>101</height>
                <font>font12</font>
                <texturefocus colordiffuse="FFE5A00D">script.plexo/buttons/pause-focus.png</texturefocus>
                <texturenofocus colordiffuse="99FFFFFF">script.plexo/buttons/pause.png</texturenofocus>
                <usealttexture>Player.Paused | Player.Forwarding | Player.Rewinding</usealttexture>
                <alttexturefocus colordiffuse="FFE5A00D">script.plexo/buttons/play-focus.png</alttexturefocus>
                <alttexturenofocus colordiffuse="99FFFFFF">script.plexo/buttons/play.png</alttexturenofocus>
                <!-- <enable>Player.PauseEnabled</enable> -->
                <onclick>PlayerControl(Play)</onclick>
                <label> </label>
            </control>
            <control type="button" id="407">
                <animation effect="zoom" start="100" end="124" time="100" center="63,50" reversible="false">Focus</animation>
                <animation effect="zoom" start="124" end="100" time="100" center="63,50" reversible="false">UnFocus</animation>
                <hitrect x="28" y="28" w="69" h="45" />
                <posx>0</posx>
                <posy>0</posy>
                <width>125</width>
                <height>101</height>
                <font>font12</font>
                <texturefocus colordiffuse="FFE5A00D">script.plexo/buttons/stop-focus.png</texturefocus>
                <texturenofocus colordiffuse="99FFFFFF">script.plexo/buttons/stop.png</texturenofocus>
                <onclick>PlayerControl(Stop)</onclick>
                <label> </label>
            </control>
            <control type="button" id="409">
                <enable>MusicPlayer.HasNext | !String.IsEmpty(Window.Property(pq.hasnext))</enable>
                <animation effect="zoom" start="100" end="124" time="100" center="63,50" reversible="false">Focus</animation>
                <animation effect="zoom" start="124" end="100" time="100" center="63,50" reversible="false">UnFocus</animation>
                <hitrect x="28" y="28" w="69" h="45" />
                <posx>0</posx>
                <posy>0</posy>
                <width>125</width>
                <height>101</height>
                <font>font12</font>
                <texturefocus colordiffuse="FFE5A00D">script.plexo/buttons/next-focus.png</texturefocus>
                <texturenofocus colordiffuse="99FFFFFF">script.plexo/buttons/next.png</texturenofocus>
                <label> </label>
            </control>


            <control type="button" id="410">
                <animation effect="zoom" start="100" end="124" time="100" center="93,50" reversible="false">Focus</animation>
                <animation effect="zoom" start="124" end="100" time="100" center="93,50" reversible="false">UnFocus</animation>
                <hitrect x="28" y="28" w="69" h="45" />
                <posx>30</posx>
                <posy>0</posy>
                <width>125</width>
                <height>101</height>
                <font>font12</font>
                <texturefocus colordiffuse="FFE5A00D">script.plexo/buttons/pqueue-focus.png</texturefocus>
                <texturenofocus colordiffuse="99FFFFFF">script.plexo/buttons/pqueue.png</texturenofocus>
                <label> </label>
            </control>
            <control type="button" id="411">
                <animation effect="zoom" start="100" end="124" time="100" center="63,50" reversible="false">Focus</animation>
                <animation effect="zoom" start="124" end="100" time="100" center="63,50" reversible="false">UnFocus</animation>
                <hitrect x="28" y="28" w="69" h="45" />
                <posx>0</posx>
                <posy>0</posy>
                <width>125</width>
                <height>101</height>
                <font>font12</font>
                <texturefocus colordiffuse="FFE5A00D">script.plexo/buttons/more-focus.png</texturefocus>
                <texturenofocus colordiffuse="99FFFFFF">script.plexo/buttons/more.png</texturenofocus>
                <label> </label>
            </control>
        </control>

        <control type="group">
            <posx>0</posx>
            <posy>940</posy>
            <control type="button" id="100">
                <enable>Player.HasAudio</enable>
                <hitrect x="0" y="-19" w="1920" h="48" />
                <posx>0</posx>
                <posy>0</posy>
                <width>1920</width>
                <height>10</height>
                <ondown>400</ondown>
                <texturefocus>script.plexo/white-square.png</texturefocus>
                <texturenofocus>script.plexo/white-square.png</texturenofocus>
                <colordiffuse>A0000000</colordiffuse>
            </control>
            <control type="image" id="200">
                <visible>Control.HasFocus(100)</visible>
                <animation effect="fade" time="100" delay="100" end="100">Visible</animation>
                <posx>0</posx>
                <posy>1</posy>
                <width>1</width>
                <height>8</height>
                <texture>script.plexo/white-square.png</texture>
                <colordiffuse>FFE5A00D</colordiffuse>
            </control>
            <control type="progress">
                <visible>!Control.HasFocus(100)</visible>
                <description>Progressbar</description>
                <posx>0</posx>
                <posy>2</posy>
                <width>1920</width>
                <height>6</height>
                <texturebg>script.plexo/transparent-6px.png</texturebg>
                <lefttexture>-</lefttexture>
                <midtexture colordiffuse="FFCC7B19">script.plexo/white-square-6px.png</midtexture>
                <righttexture>-</righttexture>
                <overlaytexture>-</overlaytexture>
                <info>Player.Progress</info>
            </control>
            <control type="progress">
                <visible>Control.HasFocus(100)</visible>
                <description>Progressbar</description>
                <posx>0</posx>
                <posy>2</posy>
                <width>1920</width>
                <height>6</height>
                <texturebg>script.plexo/transparent-6px.png</texturebg>
                <lefttexture>-</lefttexture>
                <midtexture colordiffuse="FFAC5B00">script.plexo/white-square-6px.png</midtexture>
                <righttexture>-</righttexture>
                <overlaytexture>-</overlaytexture>
                <info>Player.Progress</info>
            </control>
        </control>

        <!-- <control type="slider">
            <posx>0</posx>
            <posy>942</posy>
            <width>1920</width>
            <height>6</height>
            <visible>true</visible>
            <texturesliderbar>-</texturesliderbar>
            <textureslidernib colordiffuse="FFE5A00D">script.plexo/white-square-6px.png</textureslidernib>
            <textureslidernibfocus>-</textureslidernibfocus>
            <action>seek</action>
        </control> -->

        <!-- <control type="image" id="201">
            <visible>!Control.HasFocus(100) + !Control.HasFocus(500)</visible>
            <animation effect="fade" time="100" delay="100" end="0">Hidden</animation>
            <posx>0</posx>
            <posy>942</posy>
            <width>1</width>
            <height>6</height>
            <texture>script.plexo/white-square.png</texture>
            <colordiffuse>FFCC7B19</colordiffuse>
        </control> -->

        <control type="group" id="202">
            <visible>Control.HasFocus(100)</visible>
            <posx>0</posx>
            <posy>896</posy>
            <control type="group" id="203">
                <posx>-50</posx>
                <posy>0</posy>
                <control type="image">
                    <animation effect="fade" time="100" delay="100" end="100">Visible</animation>
                    <posx>0</posx>
                    <posy>0</posy>
                    <width>101</width>
                    <height>39</height>
                    <texture>script.plexo/indicators/player-selection-time_box.png</texture>
                    <colordiffuse>D0000000</colordiffuse>
                </control>
                <control type="label">
                    <posx>0</posx>
                    <posy>0</posy>
                    <width>101</width>
                    <height>40</height>
                    <font>font10</font>
                    <align>center</align>
                    <aligny>center</aligny>
                    <textcolor>FFFFFFFF</textcolor>
                    <label>$INFO[Window.Property(time.selection)]</label>
                </control>
            </control>
            <control type="image">
                <animation effect="fade" time="100" delay="100" end="100">Visible</animation>
                <posx>-6</posx>
                <posy>39</posy>
                <width>15</width>
                <height>7</height>
                <texture>script.plexo/indicators/player-selection-time_arrow.png</texture>
                <colordiffuse>D0000000</colordiffuse>
            </control>
        </control>

    </controls>
</window>
